[
  {
    "signatures": [
      {
        "signature": "sha256:d2ec7225d3b29d89e9b1f63d169c4fabfdcb97319d79ab012a14a9a6b94b6aa7",
        "filename": "WanionLib-1.12.2-2.4.jar"
      },
      {
        "signature": "sha256:06e2357019f4e0836bfb9202af013adc125252f610b198a7a547d4596d2934c0",
        "filename": "EnderStorage-1.12.2-2.4.6.137-universal.jar"
      },
      {
        "signature": "sha256:428542f8e4e9a683826058fd113d6e74121a3d47c7e796d7cb96ceed801102ad",
        "filename": "moreoverlays-1.15.1-mc1.12.2.jar"
      },
      {
        "signature": "sha256:99bf2e334138dd1f91395f32180190cdabd47e7ce4a9b288f0c5b11c0875cda2",
        "filename": "modtweaker-4.0.18.jar"
      },
      {
        "signature": "sha256:9bfc4c8763c008e7dd4e50fd5f82492962197f2bdc5f29668e9154e2c0c83ddf",
        "filename": "Computronics-1.12.2-1.6.6.jar"
      },
      {
        "signature": "sha256:8d32f39d12e5ad48fe97363118b7291e60e418f5aa54c1f365de81c2b9b3f719",
        "filename": "InventoryTweaks-1.64+dev.150.jar"
      },
      {
        "signature": "sha256:298fc0109614f567db4759a9709436924aa2ed20c55a8370a139f0af1ad9f109",
        "filename": "MTLib-3.0.6.jar"
      },
      {
        "signature": "sha256:77969c0e7f76c078ebb7004642e86746d57f47b7a46237fcb1c06d4a55679448",
        "filename": "MouseTweaks-2.10-mc1.12.2.jar"
      },
      {
        "signature": "sha256:4edda1cb9a1eb9240b7c9087dfc0347b0f75c29f7239299991b27324524b167f",
        "filename": "AkashicTome-1.2-12.jar"
      },
      {
        "signature": "sha256:61362af8dd5de20a6f5b7ab9c2f95cfaec911a0ab428c7b469e8d2a7ff89c89d",
        "filename": "FastFurnace-1.12.2-1.3.1.jar"
      },
      {
        "signature": "sha256:c36065b106f735cc541188ac2db8301032d32de32ce8d57a58d11a306e04b29b",
        "filename": "Morph-o-Tool-1.2-21.jar"
      },
      {
        "signature": "sha256:1af259e7b9626f34fc09604cf0980a8c68f8f255b9ad22f5a75a49b0da05e9be",
        "filename": "ImmersiveEngineering-core-0.12-92.jar"
      },
      {
        "signature": "sha256:d8610a94da8f30815db4612b3291ecdcfd8204eaf1a4db8c5d0663c7b1191d91",
        "filename": "AutoRegLib-1.3-32.jar"
      },
      {
        "signature": "sha256:f4b6ebdaf2dbee3104083661dc25d00636ae3f684f46f4502a0fc6dc854de0a5",
        "filename": "UniDict-1.12.2-2.9.6.jar"
      },
      {
        "signature": "sha256:cabe4519ddb40409306c665177c036520c910945347ff6fc5fa6777dda4ede7d",
        "filename": "FastWorkbench-1.12.2-1.7.2.jar"
      },
      {
        "signature": "sha256:9429d2680f38bc1e3e2c87c98e95d4896241f5ee0f2e627d15610c68c473a2e8",
        "filename": "foamfix-0.10.10-1.12.2.jar"
      },
      {
        "signature": "sha256:7d8063471243e161f624abe4ba311d490bd7719aedbcfcf84e555358e19c3e89",
        "filename": "RedstoneFlux-1.12-2.1.0.6-universal.jar"
      },
      {
        "signature": "sha256:b491ba8319da27844dbd957d68a9ac2f341e4d65790d7a5015a5a4086c9e2b65",
        "filename": "ThermalCultivation-1.12.2-0.3.3.12-universal.jar"
      },
      {
        "signature": "sha256:5f8499f7ee2590e45110bbf296b2bf101aec15897e28d5e9759cf8f2387d8a74",
        "filename": "CodeChickenLib-1.12.2-3.2.3.358-universal.jar"
      },
      {
        "signature": "sha256:ae959cebcc3542e589e12e66400882585a75b80d193a0c2c2f57f4c1a8ef4df2",
        "filename": "Chisel-MC1.12.2-1.0.1.44.jar"
      },
      {
        "signature": "sha256:f7c424aa09860dbb151252dfe58920d8df62c0e9193d6b733ceb26fc7c4a0357",
        "filename": "ThermalFoundation-1.12.2-2.6.3.27-universal.jar"
      },
      {
        "signature": "sha256:f2176225db04fc95dce462e7ed45b2aac9c4c58f9887c9beba6f3a096543d389",
        "filename": "CraftTweaker2-1.12-4.1.20.jar"
      },
      {
        "signature": "sha256:08ac2de31e9cc0c174c2795f9371cb209d3251ea18210ec682d1816f1e39b08a",
        "filename": "ThermalExpansion-1.12.2-5.5.4.43-universal.jar"
      },
      {
        "signature": "sha256:29d3a4115d67b83eb542b618eb64db40db23a7f009a0f4dc9a396101d6f8491f",
        "filename": "ironchest-1.12.2-7.0.72.847.jar"
      },
      {
        "signature": "sha256:ee3fb79efbda34735b60186b8d5a6c874f8ef881cbe5eb51eea615a3e2efb704",
        "filename": "cc-tweaked-1.12.2-1.86.2.jar"
      },
      {
        "signature": "sha256:01c5dc41c1085944af9c7346a0e402e90075a9e069232b15dd6a2807dae00fe8",
        "filename": "ThermalDynamics-1.12.2-2.5.5.21-universal.jar"
      },
      {
        "signature": "sha256:b32010b2f2778aa1188585e7ead91ad46d4cb2c715f9c778a61848ba7fe51f8d",
        "filename": "Baubles-1.12-1.5.2.jar"
      },
      {
        "signature": "sha256:8b41655cbd6f6fe4e734cccaa48159420540d2a83e8595d51204de2f52696ef6",
        "filename": "ActuallyAdditions-1.12.2-r151-2.jar"
      },
      {
        "signature": "sha256:506677ae0ec337d50badd7c887ead029a7376105af544b2a0b7144c0505d83ff",
        "filename": "RedstoneArsenal-1.12.2-2.6.3.18-universal.jar"
      },
      {
        "signature": "sha256:d71bf404bd9031774f6ad49f4844a6aac008a9d830f8510fa67ea81404e990ed",
        "filename": "CoFHCore-1.12.2-4.6.3.27-universal.jar"
      },
      {
        "signature": "sha256:c5ccdd4892679317bfbe7c0018d5255db611ba2cebb88190493a19496cb5e19e",
        "filename": "ImmersiveEngineering-0.12-92.jar"
      },
      {
        "signature": "sha256:4ded9b7bcff8e88a381305893bf1fc4410e3e945beea4a49f7f9f29a9166f2bf",
        "filename": "ThermalInnovation-1.12.2-0.3.3.12-universal.jar"
      },
      {
        "signature": "sha256:c3d2f43a1b128d56ee676cd22f742b85b5e196016f9618fc914cacf194c06307",
        "filename": "forge-1.12.2-14.23.5.2854.jar"
      },
      {
        "signature": "sha256:5acc3d088317e0db9a50a7ee3f8a0018dd83ef398c5a8682121497b0a9cb177a",
        "filename": "CoFHWorld-1.12.2-1.3.1.7-universal.jar"
      },
      {
        "signature": "sha256:94cc1c05725d81270aee57a3fcce58b726603c272a8d1ad527bbe1379aa85361",
        "filename": "plethora-1.12.2-1.2.3.jar"
      },
      {
        "signature": "sha256:5a11997a4f2e04c76ca63ff2bad555eb777b5ee26a144e79f04a8e67c286434e",
        "filename": "jei_1.12.2-4.15.0.293.jar"
      },
      {
        "signature": "sha256:b404308ac9518fb7ce762278ea2c3ae81ea42c7220e8c2373317da6c31dbb0e0",
        "filename": "OpenEye-1.12.2-0.8.jar"
      },
      {
        "signature": "sha256:f8f078f2ebff7ffd58e623b0a7464a375409eb55d7bc9f7a50ff5244bdfe0fc7",
        "filename": "CTM-MC1.12.2-1.0.1.30.jar"
      },
      {
        "signature": "sha256:9bff732c18adf82c4410a827b35d43b68b979f9ede6c2108b6b97550cf386188",
        "filename": "AppleSkin-mc1.12-1.0.9.jar"
      },
      {
        "signature": "sha256:03df598aa5092f4fbcca32b5935d200f00e828cf8d43df65f3e137e8657b496b",
        "filename": "Quark-r1.6-178.jar"
      },
      {
        "signature": "sha256:e31c3aebdf631ebd68032d39cb02558db35841a55d568165efce7fdad64e9cd4",
        "filename": "Botania r1.10-363.jar"
      }
    ],
    "addedSignatures": [],
    "removedSignatures": [],
    "installedSignatures": [
      "sha256:b404308ac9518fb7ce762278ea2c3ae81ea42c7220e8c2373317da6c31dbb0e0",
      "sha256:9429d2680f38bc1e3e2c87c98e95d4896241f5ee0f2e627d15610c68c473a2e8",
      "sha256:f7c424aa09860dbb151252dfe58920d8df62c0e9193d6b733ceb26fc7c4a0357",
      "sha256:29d3a4115d67b83eb542b618eb64db40db23a7f009a0f4dc9a396101d6f8491f",
      "sha256:ae959cebcc3542e589e12e66400882585a75b80d193a0c2c2f57f4c1a8ef4df2",
      "sha256:08ac2de31e9cc0c174c2795f9371cb209d3251ea18210ec682d1816f1e39b08a",
      "sha256:5a11997a4f2e04c76ca63ff2bad555eb777b5ee26a144e79f04a8e67c286434e",
      "sha256:d71bf404bd9031774f6ad49f4844a6aac008a9d830f8510fa67ea81404e990ed",
      "sha256:8d32f39d12e5ad48fe97363118b7291e60e418f5aa54c1f365de81c2b9b3f719",
      "sha256:9bfc4c8763c008e7dd4e50fd5f82492962197f2bdc5f29668e9154e2c0c83ddf",
      "sha256:9bff732c18adf82c4410a827b35d43b68b979f9ede6c2108b6b97550cf386188",
      "sha256:99bf2e334138dd1f91395f32180190cdabd47e7ce4a9b288f0c5b11c0875cda2",
      "sha256:298fc0109614f567db4759a9709436924aa2ed20c55a8370a139f0af1ad9f109",
      "sha256:01c5dc41c1085944af9c7346a0e402e90075a9e069232b15dd6a2807dae00fe8",
      "sha256:d2ec7225d3b29d89e9b1f63d169c4fabfdcb97319d79ab012a14a9a6b94b6aa7",
      "sha256:5acc3d088317e0db9a50a7ee3f8a0018dd83ef398c5a8682121497b0a9cb177a",
      "sha256:94cc1c05725d81270aee57a3fcce58b726603c272a8d1ad527bbe1379aa85361",
      "sha256:f4b6ebdaf2dbee3104083661dc25d00636ae3f684f46f4502a0fc6dc854de0a5",
      "sha256:cabe4519ddb40409306c665177c036520c910945347ff6fc5fa6777dda4ede7d",
      "sha256:c3d2f43a1b128d56ee676cd22f742b85b5e196016f9618fc914cacf194c06307",
      "sha256:06e2357019f4e0836bfb9202af013adc125252f610b198a7a547d4596d2934c0",
      "sha256:f2176225db04fc95dce462e7ed45b2aac9c4c58f9887c9beba6f3a096543d389",
      "sha256:506677ae0ec337d50badd7c887ead029a7376105af544b2a0b7144c0505d83ff",
      "sha256:428542f8e4e9a683826058fd113d6e74121a3d47c7e796d7cb96ceed801102ad",
      "sha256:b32010b2f2778aa1188585e7ead91ad46d4cb2c715f9c778a61848ba7fe51f8d",
      "sha256:8b41655cbd6f6fe4e734cccaa48159420540d2a83e8595d51204de2f52696ef6",
      "sha256:ee3fb79efbda34735b60186b8d5a6c874f8ef881cbe5eb51eea615a3e2efb704",
      "sha256:03df598aa5092f4fbcca32b5935d200f00e828cf8d43df65f3e137e8657b496b",
      "sha256:1af259e7b9626f34fc09604cf0980a8c68f8f255b9ad22f5a75a49b0da05e9be",
      "sha256:77969c0e7f76c078ebb7004642e86746d57f47b7a46237fcb1c06d4a55679448",
      "sha256:4edda1cb9a1eb9240b7c9087dfc0347b0f75c29f7239299991b27324524b167f",
      "sha256:c5ccdd4892679317bfbe7c0018d5255db611ba2cebb88190493a19496cb5e19e",
      "sha256:4ded9b7bcff8e88a381305893bf1fc4410e3e945beea4a49f7f9f29a9166f2bf",
      "sha256:7d8063471243e161f624abe4ba311d490bd7719aedbcfcf84e555358e19c3e89",
      "sha256:5f8499f7ee2590e45110bbf296b2bf101aec15897e28d5e9759cf8f2387d8a74",
      "sha256:e31c3aebdf631ebd68032d39cb02558db35841a55d568165efce7fdad64e9cd4",
      "sha256:f8f078f2ebff7ffd58e623b0a7464a375409eb55d7bc9f7a50ff5244bdfe0fc7",
      "sha256:61362af8dd5de20a6f5b7ab9c2f95cfaec911a0ab428c7b469e8d2a7ff89c89d",
      "sha256:c36065b106f735cc541188ac2db8301032d32de32ce8d57a58d11a306e04b29b",
      "sha256:d8610a94da8f30815db4612b3291ecdcfd8204eaf1a4db8c5d0663c7b1191d91",
      "sha256:b491ba8319da27844dbd957d68a9ac2f341e4d65790d7a5015a5a4086c9e2b65"
    ],
    "uninstalledSignatures": [],
    "workTime": 748924.3,
    "language": "n/a",
    "locale": "de_DE",
    "timezone": "Europe/Berlin",
    "branding": [
      "Minecraft 1.12.2",
      "MCP 9.42",
      "Powered by Forge 14.23.5.2854",
      "45 mods loaded, 45 mods active"
    ],
    "runtime": {
      "mcp": "MCP 9.42",
      "fml": "8.0.99.99",
      "forge": "14.23.5.2854"
    },
    "minecraft": "Minecraft 1.12.2",
    "javaVersion": "Oracle Corporation 1.8.0_281",
    "tags": [
      "lurcraft"
    ],
    "side": "server",
    "obfuscated": true,
    "type": "analytics"
  }
]